[22,2,17],
[22,3,17],
[22,4,17],
[22,5,18],
[22,6,20],
[22,7,21],
[22,8,23],
[22,9,25],
[22,10,26],
[22,11,28],
[22,12,30],
[22,13,31],
[22,14,33],
[22,15,35],
[22,16,37],
[22,17,39],
[22,18,41],
[22,19,42],
[22,20,44],
[22,21,46],
[22,22,48],
[22,23,50],
[22,24,52],
[22,25,54],
[22,26,56],
[22,27,58],
[22,28,60],
[22,29,62],
[22,30,63],
[22,31,65],
[22,32,67],
[22,33,69],
[22,34,71],
[22,35,73],
[22,36,75],
[22,37,77],
[22,38,79],
[22,39,81],
[22,40,83],
[22,41,85],
[22,42,87],
[22,43,89],
[22,44,91],
[22,45,93],
[22,46,95],
[22,47,97],
[22,48,99],
[22,49,101],
[22,50,103],
[22,51,105],
[22,52,107],
[22,53,109],
[22,54,111],
[22,55,113],
[22,56,115],
[22,57,117],
[22,61,124],
[22,62,126],
[22,63,128],
[22,64,130],
[22,65,132],
[22,66,134],
[22,67,136],
[22,68,138],
[22,69,140],
[22,70,142],
[22,71,144],
[22,72,146],
[22,73,148],
[22,74,150],
[22,75,152],
[22,76,154],
[22,77,156],
[22,78,158],
[22,79,160],
[22,80,162],
[22,81,164],
[22,82,166],
[22,83,168],
[22,84,170],
[22,85,172],
[22,86,174],
[22,87,176],
[22,88,178],
[22,89,180],
[22,90,182],
[22,91,184],
[22,92,186],
[22,93,188],
[22,94,190],
[22,95,192],
[22,96,194],
[22,97,196],
[22,98,198],
[22,99,200],
[22,100,202],
[22,101,204],
[22,102,206],
[22,103,208],
[22,104,210],
[22,105,212],
[22,106,214],
[22,107,216],
[22,108,218],
[22,109,220],
[22,110,222],
[22,111,224],
[22,112,226],
[22,113,228],
[22,114,230],
[22,115,232],
[22,116,234],
[22,117,236],
[23,0,15],
[23,1,15],
[23,2,15],
[23,3,16],
[23,4,17],
[24,-1,14],
[24,0,14],
[24,1,14],
[24,2,14],
[25,-3,13],
[25,-2,13],
[25,-1,13],
[25,0,13],
[25,1,13],
[25,2,14],
[26,-4,12],
[26,-3,12],
[26,-2,12],
[26,-1,12],
[26,0,12],
[27,-5,11],
[27,-4,11],
[27,-3,11],
[27,-2,11],
[27,-1,11],
[27,0,12],
[28,-7,10],
[28,-6,10],
[28,-5,10],
[28,-4,10],
[28,-3,10],
[28,-2,10],
[28,-1,11],
[29,-7,10],
[29,-6,10],
[29,-5,10],
[29,-4,10],
[29,-3,10],
[29,-2,10],
[30,-7,10],
[30,-6,10],
[30,-5,10],
[30,-4,10],
[30,-3,10],
[30,-2,10],
[31,-9,9],
[31,-8,9],
[31,-7,9],
[31,-6,9],
[31,-5,9],
[31,-4,9],
[31,-3,9],
[32,-9,9],
[32,-8,9],
[32,-7,9],
[32,-6,9],
[32,-5,9],
[32,-4,9],
[32,-3,9],
[33,-11,8],
[33,-10,8],
[33,-9,8],
[33,-8,8],
[33,-7,8],
[33,-6,8],
[33,-5,8],
[34,-11,8],
[34,-10,8],
[34,-9,8],
[34,-8,8],
[34,-7,8],
[34,-6,8],
[34,-5,8],
[35,-11,8],
[35,-10,8],
[35,-9,8],
[35,-8,8],
[35,-7,8],
[35,-6,8],
[35,-5,8],
[37,-13,7],
[37,-12,7],
[37,-11,7],
[37,-10,7],
[37,-9,7],
[37,-8,7],
[37,-7,7],
[37,-6,7],
[38,-13,7],
[38,-12,7],
[38,-11,7],
[38,-10,7],
[38,-9,7],
[38,-8,7],
[38,-7,7],
[38,-6,7],
[39,-13,7],
[39,-12,7],
[39,-11,7],
[39,-10,7],
[39,-9,7],
[39,-8,7],
[39,-7,7],
[39,-6,7],
[40,-13,7],
[40,-12,7],
[40,-11,7],
[40,-10,7],
[40,-9,7],
[40,-8,7],
[40,-7,7],
[40,-6,7],
[42,-17,6],
[42,-16,6],
[42,-15,6],
[42,-14,6],
[42,-13,6],
[42,-12,6],
[42,-11,6],
[42,-10,6],
[42,-9,6],
[42,-8,6],
[43,-17,6],
[43,-16,6],
[43,-15,6],
[43,-14,6],
[43,-13,6],
[43,-12,6],
[43,-11,6],
[43,-10,6],
[43,-9,6],
[43,-8,6],
[44,-17,6],
[44,-16,6],
[44,-15,6],
[44,-14,6],
[44,-13,6],
[44,-12,6],
[44,-11,6],
[44,-10,6],
[44,-9,6],
[44,-8,6],
[45,-17,6],
[45,-16,6],
[45,-15,6],
[45,-14,6],
[45,-13,6],
[45,-12,6],
[45,-11,6],
[45,-10,6],
[45,-9,6],
[45,-8,6],
[49,-21,5],
[49,-20,5],
[49,-19,5],
[49,-18,5],
[49,-17,5],
[49,-16,5],
[49,-15,5],
[49,-14,5],
[49,-13,5],
[49,-12,5],
[49,-11,5],
[50,-21,5],
[50,-20,5],
[50,-19,5],
[50,-18,5],
[50,-17,5],
[50,-16,5],
[50,-15,5],
[50,-14,5],
[50,-13,5],
[50,-12,5],
[50,-11,5],
[51,-21,5],
[51,-20,5],
[51,-19,5],
[51,-18,5],
[51,-17,5],
[51,-16,5],
[51,-15,5],
[51,-14,5],
[51,-13,5],
[51,-12,5],
[51,-11,5],
[52,-21,5],
[52,-20,5],
[52,-19,5],
[52,-18,5],
[52,-17,5],
[52,-16,5],
[52,-15,5],
[52,-14,5],
[52,-13,5],
[52,-12,5],
[52,-11,5],
[53,-21,5],
[53,-20,5],
[53,-19,5],
[53,-18,5],
[53,-17,5],
[53,-16,5],
[53,-15,5],
[53,-14,5],
[53,-13,5],
[53,-12,5],
[53,-11,5],
[61,-28,4],
[61,-27,4],
[61,-26,4],
[61,-25,4],
[61,-24,4],
[61,-23,4],
[61,-22,4],
[61,-21,4],
[61,-20,4],
[61,-19,4],
[61,-18,4],
[61,-17,4],
[61,-16,4],
[61,-15,4],
[61,-14,4],
[62,-28,4],
[62,-27,4],
[62,-26,4],
[62,-25,4],
[62,-24,4],
[62,-23,4],
[62,-22,4],
[62,-21,4],
[62,-20,4],
[62,-19,4],
[62,-18,4],
[62,-17,4],
[62,-16,4],
[62,-15,4],
[62,-14,4],
[63,-28,4],
[63,-27,4],
[63,-26,4],
[63,-25,4],
[63,-24,4],
[63,-23,4],
[63,-22,4],
[63,-21,4],
[63,-20,4],
[63,-19,4],
[63,-18,4],
[63,-17,4],
[63,-16,4],
[63,-15,4],
[63,-14,4],
[64,-28,4],
[64,-27,4],
[64,-26,4],
[64,-25,4],
[64,-24,4],
[64,-23,4],
[64,-22,4],
[64,-21,4],
[64,-20,4],
[64,-19,4],
[64,-18,4],
[64,-17,4],
[64,-16,4],
[64,-15,4],
[64,-14,4],
[65,-28,4],
[65,-27,4],
[65,-26,4],
[65,-25,4],
[65,-24,4],
[65,-23,4],
[65,-22,4],
[65,-21,4],
[65,-20,4],
[65,-19,4],
[65,-18,4],
[65,-17,4],
[65,-16,4],
[65,-15,4],
[65,-14,4],
[66,-28,4],
[66,-27,4],
[66,-26,4],
[66,-25,4],
[66,-24,4],
[66,-23,4],
[66,-22,4],
[66,-21,4],
[66,-20,4],
[66,-19,4],
[66,-18,4],
[66,-17,4],
[66,-16,4],
[66,-15,4],
[66,-14,4],
[80,-38,3],
[80,-37,3],
[80,-36,3],
[80,-35,3],
[80,-34,3],
[80,-33,3],
[80,-32,3],
[80,-31,3],
[80,-30,3],
[80,-29,3],
[80,-28,3],
[80,-27,3],
[80,-26,3],
[80,-25,3],
[80,-24,3],
[80,-23,3],
[80,-22,3],
[80,-21,3],
[80,-20,3],
[81,-38,3],
[81,-37,3],
[81,-36,3],
[81,-35,3],
[81,-34,3],
[81,-33,3],
[81,-32,3],
[81,-31,3],
[81,-30,3],
[81,-29,3],
[81,-28,3],
[81,-27,3],
[81,-26,3],
[81,-25,3],
[81,-24,3],
[81,-23,3],
[81,-22,3],
[81,-21,3],
[81,-20,3],
[82,-38,3],
[82,-37,3],
[82,-36,3],
[82,-35,3],
[82,-34,3],
[82,-33,3],
[82,-32,3],
[82,-31,3],
[82,-30,3],
[82,-29,3],
[82,-28,3],
[82,-27,3],
[82,-26,3],
[82,-25,3],
[82,-24,3],
[82,-23,3],
[82,-22,3],
[82,-21,3],
[82,-20,3],
[83,-38,3],
[83,-37,3],
[83,-36,3],
[83,-35,3],
[83,-34,3],
[83,-33,3],
[83,-32,3],
[83,-31,3],
[83,-30,3],
[83,-29,3],
[83,-28,3],
[83,-27,3],
[83,-26,3],
[83,-25,3],
[83,-24,3],
[83,-23,3],
[83,-22,3],
[83,-21,3],
[83,-20,3],
[84,-38,3],
[84,-37,3],
[84,-36,3],
[84,-35,3],
[84,-34,3],
[84,-33,3],
[84,-32,3],
[84,-31,3],
[84,-30,3],
[84,-29,3],
[84,-28,3],
[84,-27,3],
[84,-26,3],
[84,-25,3],
[84,-24,3],
[84,-23,3],
[84,-22,3],
[84,-21,3],
[84,-20,3],
[85,-38,3],
[85,-37,3],
[85,-36,3],
[85,-35,3],
[85,-34,3],
[85,-33,3],
[85,-32,3],
[85,-31,3],
[85,-30,3],
[85,-29,3],
[85,-28,3],
[85,-27,3],
[85,-26,3],
[85,-25,3],
[85,-24,3],
[85,-23,3],
[85,-22,3],
[85,-21,3],
[85,-20,3],
[86,-38,3],
[86,-37,3],
[86,-36,3],
[86,-35,3],
[86,-34,3],
[86,-33,3],
[86,-32,3],
[86,-31,3],
[86,-30,3],
[86,-29,3],
[86,-28,3],
[86,-27,3],
[86,-26,3],
[86,-25,3],
[86,-24,3],
[86,-23,3],
[86,-22,3],
[86,-21,3],
[86,-20,3],
[87,-38,3],
[87,-37,3],
[87,-36,3],
[87,-35,3],
[87,-34,3],
[87,-33,3],
[87,-32,3],
[87,-31,3],
[87,-30,3],
[87,-29,3],
[87,-28,3],
[87,-27,3],
[87,-26,3],
[87,-25,3],
[87,-24,3],
[87,-23,3],
[87,-22,3],
[87,-21,3],
[87,-20,3],
[118,-58,2],
[118,-57,2],
[118,-56,2],
[118,-55,2],
[118,-54,2],
[118,-53,2],
[118,-52,2],
[118,-51,2],
[118,-50,2],
[118,-49,2],
[118,-48,2],
[118,-47,2],
[118,-46,2],
[118,-45,2],
[118,-44,2],
[118,-43,2],
[118,-42,2],
[118,-41,2],
[118,-40,2],
[118,-39,2],
[118,-38,2],
[118,-37,2],
[118,-36,2],
[118,-35,2],
[118,-34,2],
[118,-33,2],
[118,-32,2],
[118,-31,2],
[119,-58,2],
[119,-57,2],
[119,-56,2],
[119,-55,2],
[119,-54,2],
[119,-53,2],
[119,-52,2],
[119,-51,2],
[119,-50,2],
[119,-49,2],
[119,-48,2],
[119,-47,2],
[119,-46,2],
[119,-45,2],
[119,-44,2],
[119,-43,2],
[119,-42,2],
[119,-41,2],
[119,-40,2],
[119,-39,2],
[119,-38,2],
[119,-37,2],
[119,-36,2],
[119,-35,2],
[119,-34,2],
[119,-33,2],
[119,-32,2],
[119,-31,2],
[120,-58,2],
[120,-57,2],
[120,-56,2],
[120,-55,2],
[120,-54,2],
[120,-53,2],
[120,-52,2],
[120,-51,2],
[120,-50,2],
[120,-49,2],
[120,-48,2],
[120,-47,2],
[120,-46,2],
[120,-45,2],
[120,-44,2],
[120,-43,2],
[120,-42,2],
[120,-41,2],
[120,-40,2],
[120,-39,2],
[120,-38,2],
[120,-37,2],
[120,-36,2],
[120,-35,2],
[120,-34,2],
[120,-33,2],
[120,-32,2],
[120,-31,2],
[121,-58,2],
[121,-57,2],
[121,-56,2],
[121,-55,2],
[121,-54,2],
[121,-53,2],
[121,-52,2],
[121,-51,2],
[121,-50,2],
[121,-49,2],
[121,-48,2],
[121,-47,2],
[121,-46,2],
[121,-45,2],
[121,-44,2],
[121,-43,2],
[121,-42,2],
[121,-41,2],
[121,-40,2],
[121,-39,2],
[121,-38,2],
[121,-37,2],
[121,-36,2],
[121,-35,2],
[121,-34,2],
[121,-33,2],
[121,-32,2],
[121,-31,2],
[122,-58,2],
[122,-57,2],
[122,-56,2],
[122,-55,2],
[122,-54,2],
[122,-53,2],
[122,-52,2],
[122,-51,2],
[122,-50,2],
[122,-49,2],
[122,-48,2],
[122,-47,2],
[122,-46,2],
[122,-45,2],
[122,-44,2],
[122,-43,2],
[122,-42,2],
[122,-41,2],
[122,-40,2],
[122,-39,2],
[122,-38,2],
[122,-37,2],
[122,-36,2],
[122,-35,2],
[122,-34,2],
[122,-33,2],
[122,-32,2],
[122,-31,2],
[123,-58,2],
[123,-57,2],
[123,-56,2],
[123,-55,2],
[123,-54,2],
[123,-53,2],
[123,-52,2],
[123,-51,2],
[123,-50,2],
[123,-49,2],
[123,-48,2],
[123,-47,2],
[123,-46,2],
[123,-45,2],
[123,-44,2],
[123,-43,2],
[123,-42,2],
[123,-41,2],
[123,-40,2],
[123,-39,2],
[123,-38,2],
[123,-37,2],
[123,-36,2],
[123,-35,2],
[123,-34,2],
[123,-33,2],
[123,-32,2],
[123,-31,2],
[124,-58,2],
[124,-57,2],
[124,-56,2],
[124,-55,2],
[124,-54,2],
[124,-53,2],
[124,-52,2],
[124,-51,2],
[124,-50,2],
[124,-49,2],
[124,-48,2],
[124,-47,2],
[124,-46,2],
[124,-45,2],
[124,-44,2],
[124,-43,2],
[124,-42,2],
[124,-41,2],
[124,-40,2],
[124,-39,2],
[124,-38,2],
[124,-37,2],
[124,-36,2],
[124,-35,2],
[124,-34,2],
[124,-33,2],
[124,-32,2],
[124,-31,2],
[125,-58,2],
[125,-57,2],
[125,-56,2],
[125,-55,2],
[125,-54,2],
[125,-53,2],
[125,-52,2],
[125,-51,2],
[125,-50,2],
[125,-49,2],
[125,-48,2],
[125,-47,2],
[125,-46,2],
[125,-45,2],
[125,-44,2],
[125,-43,2],
[125,-42,2],
[125,-41,2],
[125,-40,2],
[125,-39,2],
[125,-38,2],
[125,-37,2],
[125,-36,2],
[125,-35,2],
[125,-34,2],
[125,-33,2],
[125,-32,2],
[125,-31,2],
[126,-58,2],
[126,-57,2],
[126,-56,2],
[126,-55,2],
[126,-54,2],
[126,-53,2],
[126,-52,2],
[126,-51,2],
[126,-50,2],
[126,-49,2],
[126,-48,2],
[126,-47,2],
[126,-46,2],
[126,-45,2],
[126,-44,2],
[126,-43,2],
[126,-42,2],
[126,-41,2],
[126,-40,2],
[126,-39,2],
[126,-38,2],
[126,-37,2],
[126,-36,2],
[126,-35,2],
[126,-34,2],
[126,-33,2],
[126,-32,2],
[126,-31,2],
[127,-58,2],
[127,-57,2],
[127,-56,2],
[127,-55,2],
[127,-54,2],
[127,-53,2],
[127,-52,2],
[127,-51,2],
[127,-50,2],
[127,-49,2],
[127,-48,2],
[127,-47,2],
[127,-46,2],
[127,-45,2],
[127,-44,2],
[127,-43,2],
[127,-42,2],
[127,-41,2],
[127,-40,2],
[127,-39,2],
[127,-38,2],
[127,-37,2],
[127,-36,2],
[127,-35,2],
[127,-34,2],
[127,-33,2],
[127,-32,2],
[127,-31,2],
[128,-58,2],
[128,-57,2],
[128,-56,2],
[128,-55,2],
[128,-54,2],
[128,-53,2],
[128,-52,2],
[128,-51,2],
[128,-50,2],
[128,-49,2],
[128,-48,2],
[128,-47,2],
[128,-46,2],
[128,-45,2],
[128,-44,2],
[128,-43,2],
[128,-42,2],
[128,-41,2],
[128,-40,2],
[128,-39,2],
[128,-38,2],
[128,-37,2],
[128,-36,2],
[128,-35,2],
[128,-34,2],
[128,-33,2],
[128,-32,2],
[128,-31,2],
[129,-58,2],
[129,-57,2],
[129,-56,2],
[129,-55,2],
[129,-54,2],
[129,-53,2],
[129,-52,2],
[129,-51,2],
[129,-50,2],
[129,-49,2],
[129,-48,2],
[129,-47,2],
[129,-46,2],
[129,-45,2],
[129,-44,2],
[129,-43,2],
[129,-42,2],
[129,-41,2],
[129,-40,2],
[129,-39,2],
[129,-38,2],
[129,-37,2],
[129,-36,2],
[129,-35,2],
[129,-34,2],
[129,-33,2],
[129,-32,2],
[129,-31,2],
[130,-58,2],
[130,-57,2],
[130,-56,2],
[130,-55,2],
[130,-54,2],
[130,-53,2],
[130,-52,2],
[130,-51,2],
[130,-50,2],
[130,-49,2],
[130,-48,2],
[130,-47,2],
[130,-46,2],
[130,-45,2],
[130,-44,2],
[130,-43,2],
[130,-42,2],
[130,-41,2],
[130,-40,2],
[130,-39,2],
[130,-38,2],
[130,-37,2],
[130,-36,2],
[130,-35,2],
[130,-34,2],
[130,-33,2],
[130,-32,2],
[130,-31,2],
[235,-118,1],
[235,-117,1],
[235,-116,1],
[235,-115,1],
[235,-114,1],
[235,-113,1],
[235,-112,1],
[235,-111,1],
[235,-110,1],
[235,-109,1],
[235,-108,1],
[235,-107,1],
[235,-106,1],
[235,-105,1],
[235,-104,1],
[235,-103,1],
[235,-102,1],
[235,-101,1],
[235,-100,1],
[235,-99,1],
[235,-98,1],
[235,-97,1],
[235,-96,1],
[235,-95,1],
[235,-94,1],
[235,-93,1],
[235,-92,1],
[235,-91,1],
[235,-90,1],
[235,-89,1],
[235,-88,1],
[235,-87,1],
[235,-86,1],
[235,-85,1],
[235,-84,1],
[235,-83,1],
[235,-82,1],
[235,-81,1],
[235,-80,1],
[235,-79,1],
[235,-78,1],
[235,-77,1],
[235,-76,1],
[235,-75,1],
[235,-74,1],
[235,-73,1],
[235,-72,1],
[235,-71,1],
[235,-70,1],
[235,-69,1],
[235,-68,1],
[235,-67,1],
[235,-66,1],
[235,-65,1],
[235,-64,1],
[235,-63,1],
[235,-62,1],
[236,-118,1],
[236,-117,1],
[236,-116,1],
[236,-115,1],
[236,-114,1],
[236,-113,1],
[236,-112,1],
[236,-111,1],
[236,-110,1],
[236,-109,1],
[236,-108,1],
[236,-107,1],
[236,-106,1],
[236,-105,1],
[236,-104,1],
[236,-103,1],
[236,-102,1],
[236,-101,1],
[236,-100,1],
[236,-99,1],
[236,-98,1],
[236,-97,1],
[236,-96,1],
[236,-95,1],
[236,-94,1],
[236,-93,1],
[236,-92,1],
[236,-91,1],
[236,-90,1],
[236,-89,1],
[236,-88,1],
[236,-87,1],
[236,-86,1],
[236,-85,1],
[236,-84,1],
[236,-83,1],
[236,-82,1],
[236,-81,1],
[236,-80,1],
[236,-79,1],
[236,-78,1],
[236,-77,1],
[236,-76,1],
[236,-75,1],
[236,-74,1],
[236,-73,1],
[236,-72,1],
[236,-71,1],
[236,-70,1],
[236,-69,1],
[236,-68,1],
[236,-67,1],
[236,-66,1],
[236,-65,1],
[236,-64,1],
[236,-63,1],
[236,-62,1],
[237,-118,1],
[237,-117,1],
[237,-116,1],
[237,-115,1],
[237,-114,1],
[237,-113,1],
[237,-112,1],
[237,-111,1],
[237,-110,1],
[237,-109,1],
[237,-108,1],
[237,-107,1],
[237,-106,1],
[237,-105,1],
[237,-104,1],
[237,-103,1],
[237,-102,1],
[237,-101,1],
[237,-100,1],
[237,-99,1],
[237,-98,1],
[237,-97,1],
[237,-96,1],
[237,-95,1],
[237,-94,1],
[237,-93,1],
[237,-92,1],
[237,-91,1],
[237,-90,1],
[237,-89,1],
[237,-88,1],
[237,-87,1],
[237,-86,1],
[237,-85,1],
[237,-84,1],
[237,-83,1],
[237,-82,1],
[237,-81,1],
[237,-80,1],
[237,-79,1],
[237,-78,1],
[237,-77,1],
[237,-76,1],
[237,-75,1],
[237,-74,1],
[237,-73,1],
[237,-72,1],
[237,-71,1],
[237,-70,1],
[237,-69,1],
[237,-68,1],
[237,-67,1],
[237,-66,1],
[237,-65,1],
[237,-64,1],
[237,-63,1],
[237,-62,1],
[238,-118,1],
[238,-117,1],
[238,-116,1],
[238,-115,1],
[238,-114,1],
[238,-113,1],
[238,-112,1],
[238,-111,1],
[238,-110,1],
[238,-109,1],
[238,-108,1],
[238,-107,1],
[238,-106,1],
[238,-105,1],
[238,-104,1],
[238,-103,1],
[238,-102,1],
[238,-101,1],
[238,-100,1],
[238,-99,1],
[238,-98,1],
[238,-97,1],
[238,-96,1],
[238,-95,1],
[238,-94,1],
[238,-93,1],
[238,-92,1],
[238,-91,1],
[238,-90,1],
[238,-89,1],
[238,-88,1],
[238,-87,1],
[238,-86,1],
[238,-85,1],
[238,-84,1],
[238,-83,1],
[238,-82,1],
[238,-81,1],
[238,-80,1],
[238,-79,1],
[238,-78,1],
[238,-77,1],
[238,-76,1],
[238,-75,1],
[238,-74,1],
[238,-73,1],
[238,-72,1],
[238,-71,1],
[238,-70,1],
[238,-69,1],
[238,-68,1],
[238,-67,1],
[238,-66,1],
[238,-65,1],
[238,-64,1],
[238,-63,1],
[238,-62,1],
[239,-118,1],
[239,-117,1],
[239,-116,1],
[239,-115,1],
[239,-114,1],
[239,-113,1],
[239,-112,1],
[239,-111,1],
[239,-110,1],
[239,-109,1],
[239,-108,1],
[239,-107,1],
[239,-106,1],
[239,-105,1],
[239,-104,1],
[239,-103,1],
[239,-102,1],
[239,-101,1],
[239,-100,1],
[239,-99,1],
[239,-98,1],
[239,-97,1],
[239,-96,1],
[239,-95,1],
[239,-94,1],
[239,-93,1],
[239,-92,1],
[239,-91,1],
[239,-90,1],
[239,-89,1],
[239,-88,1],
[239,-87,1],
[239,-86,1],
[239,-85,1],
[239,-84,1],
[239,-83,1],
[239,-82,1],
[239,-81,1],
[239,-80,1],
[239,-79,1],
[239,-78,1],
[239,-77,1],
[239,-76,1],
[239,-75,1],
[239,-74,1],
[239,-73,1],
[239,-72,1],
[239,-71,1],
[239,-70,1],
[239,-69,1],
[239,-68,1],
[239,-67,1],
[239,-66,1],
[239,-65,1],
[239,-64,1],
[239,-63,1],
[239,-62,1],
[240,-118,1],
[240,-117,1],
[240,-116,1],
[240,-115,1],
[240,-114,1],
[240,-113,1],
[240,-112,1],
[240,-111,1],
[240,-110,1],
[240,-109,1],
[240,-108,1],
[240,-107,1],
[240,-106,1],
[240,-105,1],
[240,-104,1],
[240,-103,1],
[240,-102,1],
[240,-101,1],
[240,-100,1],
[240,-99,1],
[240,-98,1],
[240,-97,1],
[240,-96,1],
[240,-95,1],
[240,-94,1],
[240,-93,1],
[240,-92,1],
[240,-91,1],
[240,-90,1],
[240,-89,1],
[240,-88,1],
[240,-87,1],
[240,-86,1],
[240,-85,1],
[240,-84,1],
[240,-83,1],
[240,-82,1],
[240,-81,1],
[240,-80,1],
[240,-79,1],
[240,-78,1],
[240,-77,1],
[240,-76,1],
[240,-75,1],
[240,-74,1],
[240,-73,1],
[240,-72,1],
[240,-71,1],
[240,-70,1],
[240,-69,1],
[240,-68,1],
[240,-67,1],
[240,-66,1],
[240,-65,1],
[240,-64,1],
[240,-63,1],
[240,-62,1],
[241,-118,1],
[241,-117,1],
[241,-116,1],
[241,-115,1],
[241,-114,1],
[241,-113,1],
[241,-112,1],
[241,-111,1],
[241,-110,1],
[241,-109,1],
[241,-108,1],
[241,-107,1],
[241,-106,1],
[241,-105,1],
[241,-104,1],
[241,-103,1],
[241,-102,1],
[241,-101,1],
[241,-100,1],
[241,-99,1],
[241,-98,1],
[241,-97,1],
[241,-96,1],
[241,-95,1],
[241,-94,1],
[241,-93,1],
[241,-92,1],
[241,-91,1],
[241,-90,1],
[241,-89,1],
[241,-88,1],
[241,-87,1],
[241,-86,1],
[241,-85,1],
[241,-84,1],
[241,-83,1],
[241,-82,1],
[241,-81,1],
[241,-80,1],
[241,-79,1],
[241,-78,1],
[241,-77,1],
[241,-76,1],
[241,-75,1],
[241,-74,1],
[241,-73,1],
[241,-72,1],
[241,-71,1],
[241,-70,1],
[241,-69,1],
[241,-68,1],
[241,-67,1],
[241,-66,1],
[241,-65,1],
[241,-64,1],
[241,-63,1],
[241,-62,1],
[242,-118,1],
[242,-117,1],
[242,-116,1],
[242,-115,1],
[242,-114,1],
[242,-113,1],
[242,-112,1],
[242,-111,1],
[242,-110,1],
[242,-109,1],
[242,-108,1],
[242,-107,1],
[242,-106,1],
[242,-105,1],
[242,-104,1],
[242,-103,1],
[242,-102,1],
[242,-101,1],
[242,-100,1],
[242,-99,1],
[242,-98,1],
[242,-97,1],
[242,-96,1],
[242,-95,1],
[242,-94,1],
[242,-93,1],
[242,-92,1],
[242,-91,1],
[242,-90,1],
[242,-89,1],
[242,-88,1],
[242,-87,1],
[242,-86,1],
[242,-85,1],
[242,-84,1],
[242,-83,1],
[242,-82,1],
[242,-81,1],
[242,-80,1],
[242,-79,1],
[242,-78,1],
[242,-77,1],
[242,-76,1],
[242,-75,1],
[242,-74,1],
[242,-73,1],
[242,-72,1],
[242,-71,1],
[242,-70,1],
[242,-69,1],
[242,-68,1],
[242,-67,1],
[242,-66,1],
[242,-65,1],
[242,-64,1],
[242,-63,1],
[242,-62,1],
[243,-118,1],
[243,-117,1],
[243,-116,1],
[243,-115,1],
[243,-114,1],
[243,-113,1],
[243,-112,1],
[243,-111,1],
[243,-110,1],
[243,-109,1],
[243,-108,1],
[243,-107,1],
[243,-106,1],
[243,-105,1],
[243,-104,1],
[243,-103,1],
[243,-102,1],
[243,-101,1],
[243,-100,1],
[243,-99,1],
[243,-98,1],
[243,-97,1],
[243,-96,1],
[243,-95,1],
[243,-94,1],
[243,-93,1],
[243,-92,1],
[243,-91,1],
[243,-90,1],
[243,-89,1],
[243,-88,1],
[243,-87,1],
[243,-86,1],
[243,-85,1],
[243,-84,1],
[243,-83,1],
[243,-82,1],
[243,-81,1],
[243,-80,1],
[243,-79,1],
[243,-78,1],
[243,-77,1],
[243,-76,1],
[243,-75,1],
[243,-74,1],
[243,-73,1],
[243,-72,1],
[243,-71,1],
[243,-70,1],
[243,-69,1],
[243,-68,1],
[243,-67,1],
[243,-66,1],
[243,-65,1],
[243,-64,1],
[243,-63,1],
[243,-62,1],
[244,-118,1],
[244,-117,1],
[244,-116,1],
[244,-115,1],
[244,-114,1],
[244,-113,1],
[244,-112,1],
[244,-111,1],
[244,-110,1],
[244,-109,1],
[244,-108,1],
[244,-107,1],
[244,-106,1],
[244,-105,1],
[244,-104,1],
[244,-103,1],
[244,-102,1],
[244,-101,1],
[244,-100,1],
[244,-99,1],
[244,-98,1],
[244,-97,1],
[244,-96,1],
[244,-95,1],
[244,-94,1],
[244,-93,1],
[244,-92,1],
[244,-91,1],
[244,-90,1],
[244,-89,1],
[244,-88,1],
[244,-87,1],
[244,-86,1],
[244,-85,1],
[244,-84,1],
[244,-83,1],
[244,-82,1],
[244,-81,1],
[244,-80,1],
[244,-79,1],
[244,-78,1],
[244,-77,1],
[244,-76,1],
[244,-75,1],
[244,-74,1],
[244,-73,1],
[244,-72,1],
[244,-71,1],
[244,-70,1],
[244,-69,1],
[244,-68,1],
[244,-67,1],
[244,-66,1],
[244,-65,1],
[244,-64,1],
[244,-63,1],
[244,-62,1],
[245,-118,1],
[245,-117,1],
[245,-116,1],
[245,-115,1],
[245,-114,1],
[245,-113,1],
[245,-112,1],
[245,-111,1],
[245,-110,1],
[245,-109,1],
[245,-108,1],
[245,-107,1],
[245,-106,1],
[245,-105,1],
[245,-104,1],
[245,-103,1],
[245,-102,1],
[245,-101,1],
[245,-100,1],
[245,-99,1],
[245,-98,1],
[245,-97,1],
[245,-96,1],
[245,-95,1],
[245,-94,1],
[245,-93,1],
[245,-92,1],
[245,-91,1],
[245,-90,1],
[245,-89,1],
[245,-88,1],
[245,-87,1],
[245,-86,1],
[245,-85,1],
[245,-84,1],
[245,-83,1],
[245,-82,1],
[245,-81,1],
[245,-80,1],
[245,-79,1],
[245,-78,1],
[245,-77,1],
[245,-76,1],
[245,-75,1],
[245,-74,1],
[245,-73,1],
[245,-72,1],
[245,-71,1],
[245,-70,1],
[245,-69,1],
[245,-68,1],
[245,-67,1],
[245,-66,1],
[245,-65,1],
[245,-64,1],
[245,-63,1],
[245,-62,1],
[246,-118,1],
[246,-117,1],
[246,-116,1],
[246,-115,1],
[246,-114,1],
[246,-113,1],
[246,-112,1],
[246,-111,1],
[246,-110,1],
[246,-109,1],
[246,-108,1],
[246,-107,1],
[246,-106,1],
[246,-105,1],
[246,-104,1],
[246,-103,1],
[246,-102,1],
[246,-101,1],
[246,-100,1],
[246,-99,1],
[246,-98,1],
[246,-97,1],
[246,-96,1],
[246,-95,1],
[246,-94,1],
[246,-93,1],
[246,-92,1],
[246,-91,1],
[246,-90,1],
[246,-89,1],
[246,-88,1],
[246,-87,1],
[246,-86,1],
[246,-85,1],
[246,-84,1],
[246,-83,1],
[246,-82,1],
[246,-81,1],
[246,-80,1],
[246,-79,1],
[246,-78,1],
[246,-77,1],
[246,-76,1],
[246,-75,1],
[246,-74,1],
[246,-73,1],
[246,-72,1],
[246,-71,1],
[246,-70,1],
[246,-69,1],
[246,-68,1],
[246,-67,1],
[246,-66,1],
[246,-65,1],
[246,-64,1],
[246,-63,1],
[246,-62,1],
[247,-118,1],
[247,-117,1],
[247,-116,1],
[247,-115,1],
[247,-114,1],
[247,-113,1],
[247,-112,1],
[247,-111,1],
[247,-110,1],
[247,-109,1],
[247,-108,1],
[247,-107,1],
[247,-106,1],
[247,-105,1],
[247,-104,1],
[247,-103,1],
[247,-102,1],
[247,-101,1],
[247,-100,1],
[247,-99,1],
[247,-98,1],
[247,-97,1],
[247,-96,1],
[247,-95,1],
[247,-94,1],
[247,-93,1],
[247,-92,1],
[247,-91,1],
[247,-90,1],
[247,-89,1],
[247,-88,1],
[247,-87,1],
[247,-86,1],
[247,-85,1],
[247,-84,1],
[247,-83,1],
[247,-82,1],
[247,-81,1],
[247,-80,1],
[247,-79,1],
[247,-78,1],
[247,-77,1],
[247,-76,1],
[247,-75,1],
[247,-74,1],
[247,-73,1],
[247,-72,1],
[247,-71,1],
[247,-70,1],
[247,-69,1],
[247,-68,1],
[247,-67,1],
[247,-66,1],
[247,-65,1],
[247,-64,1],
[247,-63,1],
[247,-62,1],
[248,-118,1],
[248,-117,1],
[248,-116,1],
[248,-115,1],
[248,-114,1],
[248,-113,1],
[248,-112,1],
[248,-111,1],
[248,-110,1],
[248,-109,1],
[248,-108,1],
[248,-107,1],
[248,-106,1],
[248,-105,1],
[248,-104,1],
[248,-103,1],
[248,-102,1],
[248,-101,1],
[248,-100,1],
[248,-99,1],
[248,-98,1],
[248,-97,1],
[248,-96,1],
[248,-95,1],
[248,-94,1],
[248,-93,1],
[248,-92,1],
[248,-91,1],
[248,-90,1],
[248,-89,1],
[248,-88,1],
[248,-87,1],
[248,-86,1],
[248,-85,1],
[248,-84,1],
[248,-83,1],
[248,-82,1],
[248,-81,1],
[248,-80,1],
[248,-79,1],
[248,-78,1],
[248,-77,1],
[248,-76,1],
[248,-75,1],
[248,-74,1],
[248,-73,1],
[248,-72,1],
[248,-71,1],
[248,-70,1],
[248,-69,1],
[248,-68,1],
[248,-67,1],
[248,-66,1],
[248,-65,1],
[248,-64,1],
[248,-63,1],
[248,-62,1],
[249,-118,1],
[249,-117,1],
[249,-116,1],
[249,-115,1],
[249,-114,1],
[249,-113,1],
[249,-112,1],
[249,-111,1],
[249,-110,1],
[249,-109,1],
[249,-108,1],
[249,-107,1],
[249,-106,1],
[249,-105,1],
[249,-104,1],
[249,-103,1],
[249,-102,1],
[249,-101,1],
[249,-100,1],
[249,-99,1],
[249,-98,1],
[249,-97,1],
[249,-96,1],
[249,-95,1],
[249,-94,1],
[249,-93,1],
[249,-92,1],
[249,-91,1],
[249,-90,1],
[249,-89,1],
[249,-88,1],
[249,-87,1],
[249,-86,1],
[249,-85,1],
[249,-84,1],
[249,-83,1],
[249,-82,1],
[249,-81,1],
[249,-80,1],
[249,-79,1],
[249,-78,1],
[249,-77,1],
[249,-76,1],
[249,-75,1],
[249,-74,1],
[249,-73,1],
[249,-72,1],
[249,-71,1],
[249,-70,1],
[249,-69,1],
[249,-68,1],
[249,-67,1],
[249,-66,1],
[249,-65,1],
[249,-64,1],
[249,-63,1],
[249,-62,1],
[250,-118,1],
[250,-117,1],
[250,-116,1],
[250,-115,1],
[250,-114,1],
[250,-113,1],
[250,-112,1],
[250,-111,1],
[250,-110,1],
[250,-109,1],
[250,-108,1],
[250,-107,1],
[250,-106,1],
[250,-105,1],
[250,-104,1],
[250,-103,1],
[250,-102,1],
[250,-101,1],
[250,-100,1],
[250,-99,1],
[250,-98,1],
[250,-97,1],
[250,-96,1],
[250,-95,1],
[250,-94,1],
[250,-93,1],
[250,-92,1],
[250,-91,1],
[250,-90,1],
[250,-89,1],
[250,-88,1],
[250,-87,1],
[250,-86,1],
[250,-85,1],
[250,-84,1],
[250,-83,1],
[250,-82,1],
[250,-81,1],
[250,-80,1],
[250,-79,1],
[250,-78,1],
[250,-77,1],
[250,-76,1],
[250,-75,1],
[250,-74,1],
[250,-73,1],
[250,-72,1],
[250,-71,1],
[250,-70,1],
[250,-69,1],
[250,-68,1],
[250,-67,1],
[250,-66,1],
[250,-65,1],
[250,-64,1],
[250,-63,1],
[250,-62,1],
[251,-118,1],
[251,-117,1],
[251,-116,1],
[251,-115,1],
[251,-114,1],
[251,-113,1],
[251,-112,1],
[251,-111,1],
[251,-110,1],
[251,-109,1],
[251,-108,1],
[251,-107,1],
[251,-106,1],
[251,-105,1],
[251,-104,1],
[251,-103,1],
[251,-102,1],
[251,-101,1],
[251,-100,1],
[251,-99,1],
[251,-98,1],
[251,-97,1],
[251,-96,1],
[251,-95,1],
[251,-94,1],
[251,-93,1],
[251,-92,1],
[251,-91,1],
[251,-90,1],
[251,-89,1],
[251,-88,1],
[251,-87,1],
[251,-86,1],
[251,-85,1],
[251,-84,1],
[251,-83,1],
[251,-82,1],
[251,-81,1],
[251,-80,1],
[251,-79,1],
[251,-78,1],
[251,-77,1],
[251,-76,1],
[251,-75,1],
[251,-74,1],
[251,-73,1],
[251,-72,1],
[251,-71,1],
[251,-70,1],
[251,-69,1],
[251,-68,1],
[251,-67,1],
[251,-66,1],
[251,-65,1],
[251,-64,1],
[251,-63,1],
[251,-62,1],
[252,-118,1],
[252,-117,1],
[252,-116,1],
[252,-115,1],
[252,-114,1],
[252,-113,1],
[252,-112,1],
[252,-111,1],
[252,-110,1],
[252,-109,1],
[252,-108,1],
[252,-107,1],
[252,-106,1],
[252,-105,1],
[252,-104,1],
[252,-103,1],
[252,-102,1],
[252,-101,1],
[252,-100,1],
[252,-99,1],
[252,-98,1],
[252,-97,1],
[252,-96,1],
[252,-95,1],
[252,-94,1],
[252,-93,1],
[252,-92,1],
[252,-91,1],
[252,-90,1],
[252,-89,1],
[252,-88,1],
[252,-87,1],
[252,-86,1],
[252,-85,1],
[252,-84,1],
[252,-83,1],
[252,-82,1],
[252,-81,1],
[252,-80,1],
[252,-79,1],
[252,-78,1],
[252,-77,1],
[252,-76,1],
[252,-75,1],
[252,-74,1],
[252,-73,1],
[252,-72,1],
[252,-71,1],
[252,-70,1],
[252,-69,1],
[252,-68,1],
[252,-67,1],
[252,-66,1],
[252,-65,1],
[252,-64,1],
[252,-63,1],
[252,-62,1],
[253,-118,1],
[253,-117,1],
[253,-116,1],
[253,-115,1],
[253,-114,1],
[253,-113,1],
[253,-112,1],
[253,-111,1],
[253,-110,1],
[253,-109,1],
[253,-108,1],
[253,-107,1],
[253,-106,1],
[253,-105,1],
[253,-104,1],
[253,-103,1],
[253,-102,1],
[253,-101,1],
[253,-100,1],
[253,-99,1],
[253,-98,1],
[253,-97,1],
[253,-96,1],
[253,-95,1],
[253,-94,1],
[253,-93,1],
[253,-92,1],
[253,-91,1],
[253,-90,1],
[253,-89,1],
[253,-88,1],
[253,-87,1],
[253,-86,1],
[253,-85,1],
[253,-84,1],
[253,-83,1],
[253,-82,1],
[253,-81,1],
[253,-80,1],
[253,-79,1],
[253,-78,1],
[253,-77,1],
[253,-76,1],
[253,-75,1],
[253,-74,1],
[253,-73,1],
[253,-72,1],
[253,-71,1],
[253,-70,1],
[253,-69,1],
[253,-68,1],
[253,-67,1],
[253,-66,1],
[253,-65,1],
[253,-64,1],
[253,-63,1],
[253,-62,1],
[254,-118,1],
[254,-117,1],
[254,-116,1],
[254,-115,1],
[254,-114,1],
[254,-113,1],
[254,-112,1],
[254,-111,1],
[254,-110,1],
[254,-109,1],
[254,-108,1],
[254,-107,1],
[254,-106,1],
[254,-105,1],
[254,-104,1],
[254,-103,1],
[254,-102,1],
[254,-101,1],
[254,-100,1],
[254,-99,1],
[254,-98,1],
[254,-97,1],
[254,-96,1],
[254,-95,1],
[254,-94,1],
[254,-93,1],
[254,-92,1],
[254,-91,1],
[254,-90,1],
[254,-89,1],
[254,-88,1],
[254,-87,1],
[254,-86,1],
[254,-85,1],
[254,-84,1],
[254,-83,1],
[254,-82,1],
[254,-81,1],
[254,-80,1],
[254,-79,1],
[254,-78,1],
[254,-77,1],
[254,-76,1],
[254,-75,1],
[254,-74,1],
[254,-73,1],
[254,-72,1],
[254,-71,1],
[254,-70,1],
[254,-69,1],
[254,-68,1],
[254,-67,1],
[254,-66,1],
[254,-65,1],
[254,-64,1],
[254,-63,1],
[254,-62,1],
[255,-118,1],
[255,-117,1],
[255,-116,1],
[255,-115,1],
[255,-114,1],
[255,-113,1],
[255,-112,1],
[255,-111,1],
[255,-110,1],
[255,-109,1],
[255,-108,1],
[255,-107,1],
[255,-106,1],
[255,-105,1],
[255,-104,1],
[255,-103,1],
[255,-102,1],
[255,-101,1],
[255,-100,1],
[255,-99,1],
[255,-98,1],
[255,-97,1],
[255,-96,1],
[255,-95,1],
[255,-94,1],
[255,-93,1],
[255,-92,1],
[255,-91,1],
[255,-90,1],
[255,-89,1],
[255,-88,1],
[255,-87,1],
[255,-86,1],
[255,-85,1],
[255,-84,1],
[255,-83,1],
[255,-82,1],
[255,-81,1],
[255,-80,1],
[255,-79,1],
[255,-78,1],
[255,-77,1],
[255,-76,1],
[255,-75,1],
[255,-74,1],
[255,-73,1],
[255,-72,1],
[255,-71,1],
[255,-70,1],
[255,-69,1],
[255,-68,1],
[255,-67,1],
[255,-66,1],
[255,-65,1],
[255,-64,1],
[255,-63,1],
[255,-62,1],
[256,-118,1],
[256,-117,1],
[256,-116,1],
[256,-115,1],
[256,-114,1],
[256,-113,1],
[256,-112,1],
[256,-111,1],
[256,-110,1],
[256,-109,1],
[256,-108,1],
[256,-107,1],
[256,-106,1],
[256,-105,1],
[256,-104,1],
[256,-103,1],
[256,-102,1],
[256,-101,1],
[256,-100,1],
[256,-99,1],
[256,-98,1],
[256,-97,1],
[256,-96,1],
[256,-95,1],
[256,-94,1],
[256,-93,1],
[256,-92,1],
[256,-91,1],
[256,-90,1],
[256,-89,1],
[256,-88,1],
[256,-87,1],
[256,-86,1],
[256,-85,1],
[256,-84,1],
[256,-83,1],
[256,-82,1],
[256,-81,1],
[256,-80,1],
[256,-79,1],
[256,-78,1],
[256,-77,1],
[256,-76,1],
[256,-75,1],
[256,-74,1],
[256,-73,1],
[256,-72,1],
[256,-71,1],
[256,-70,1],
[256,-69,1],
[256,-68,1],
[256,-67,1],
[256,-66,1],
[256,-65,1],
[256,-64,1],
[256,-63,1],
[256,-62,1],
[257,-118,1],
[257,-117,1],
[257,-116,1],
[257,-115,1],
[257,-114,1],
[257,-113,1],
[257,-112,1],
[257,-111,1],
[257,-110,1],
[257,-109,1],
[257,-108,1],
[257,-107,1],
[257,-106,1],
[257,-105,1],
[257,-104,1],
[257,-103,1],
[257,-102,1],
[257,-101,1],
[257,-100,1],
[257,-99,1],
[257,-98,1],
[257,-97,1],
[257,-96,1],
[257,-95,1],
[257,-94,1],
[257,-93,1],
[257,-92,1],
[257,-91,1],
[257,-90,1],
[257,-89,1],
[257,-88,1],
[257,-87,1],
[257,-86,1],
[257,-85,1],
[257,-84,1],
[257,-83,1],
[257,-82,1],
[257,-81,1],
[257,-80,1],
[257,-79,1],
[257,-78,1],
[257,-77,1],
[257,-76,1],
[257,-75,1],
[257,-74,1],
[257,-73,1],
[257,-72,1],
[257,-71,1],
[257,-70,1],
[257,-69,1],
[257,-68,1],
[257,-67,1],
[257,-66,1],
[257,-65,1],
[257,-64,1],
[257,-63,1],
[257,-62,1],
[258,-118,1],
[258,-117,1],
[258,-116,1],
[258,-115,1],
[258,-114,1],
[258,-113,1],
[258,-112,1],
[258,-111,1],
[258,-110,1],
[258,-109,1],
[258,-108,1],
[258,-107,1],
[258,-106,1],
[258,-105,1],
[258,-104,1],
[258,-103,1],
[258,-102,1],
[258,-101,1],
[258,-100,1],
[258,-99,1],
[258,-98,1],
[258,-97,1],
[258,-96,1],
[258,-95,1],
[258,-94,1],
[258,-93,1],
[258,-92,1],
[258,-91,1],
[258,-90,1],
[258,-89,1],
[258,-88,1],
[258,-87,1],
[258,-86,1],
[258,-85,1],
[258,-84,1],
[258,-83,1],
[258,-82,1],
[258,-81,1],
[258,-80,1],
[258,-79,1],
[258,-78,1],
[258,-77,1],
[258,-76,1],
[258,-75,1],
[258,-74,1],
[258,-73,1],
[258,-72,1],
[258,-71,1],
[258,-70,1],
[258,-69,1],
[258,-68,1],
[258,-67,1],
[258,-66,1],
[258,-65,1],
[258,-64,1],
[258,-63,1],
[258,-62,1],
[259,-118,1],
[259,-117,1],
[259,-116,1],
[259,-115,1],
[259,-114,1],
[259,-113,1],
[259,-112,1],
[259,-111,1],
[259,-110,1],
[259,-109,1],
[259,-108,1],
[259,-107,1],
[259,-106,1],
[259,-105,1],
[259,-104,1],
[259,-103,1],
[259,-102,1],
[259,-101,1],
[259,-100,1],
[259,-99,1],
[259,-98,1],
[259,-97,1],
[259,-96,1],
[259,-95,1],
[259,-94,1],
[259,-93,1],
[259,-92,1],
[259,-91,1],
[259,-90,1],
[259,-89,1],
[259,-88,1],
[259,-87,1],
[259,-86,1],
[259,-85,1],
[259,-84,1],
[259,-83,1],
[259,-82,1],
[259,-81,1],
[259,-80,1],
[259,-79,1],
[259,-78,1],
[259,-77,1],
[259,-76,1],
[259,-75,1],
[259,-74,1],
[259,-73,1],
[259,-72,1],
[259,-71,1],
[259,-70,1],
[259,-69,1],
[259,-68,1],
[259,-67,1],
[259,-66,1],
[259,-65,1],
[259,-64,1],
[259,-63,1],
[259,-62,1],
